agent,x,y,t,state
0,10,6,1,0
1,6,6,1,0
2,1,5,1,0
3,6,5,1,0
4,7,10,1,0
5,2,1,1,0
6,6,2,1,0
7,4,8,1,0
8,10,1,1,0
9,10,8,1,0
0,10,6,2,0
1,5,6,2,0
2,1,4,2,0
3,6,6,2,0
4,7,9,2,0
5,2,2,2,0
6,6,2,2,0
7,4,8,2,0
8,10,1,2,0
9,9,8,2,0
0,10,6,3,2
1,6,6,3,0
2,1,4,3,0
3,7,6,3,0
4,7,9,3,0
5,1,2,3,0
6,6,2,3,0
7,4,8,3,0
8,9,1,3,0
9,9,9,3,0
0,10,6,4,3
1,7,6,4,0
2,1,4,4,0
3,7,6,4,0
4,7,10,4,0
5,1,2,4,0
6,6,2,4,0
7,4,9,4,0
8,8,1,4,0
9,9,10,4,0
0,9,6,5,3
1,7,6,5,0
2,1,4,5,0
3,7,7,5,0
4,6,10,5,0
5,1,3,5,0
6,6,1,5,0
7,4,9,5,0
8,7,1,5,0
9,8,10,5,0
0,9,6,6,3
1,8,6,6,0
2,1,4,6,0
3,6,7,6,0
4,6,9,6,0
5,1,3,6,0
6,5,1,6,0
7,4,10,6,0
8,7,2,6,0
9,7,10,6,0
0,9,6,7,3
1,9,6,7,0
2,1,4,7,0
3,7,7,7,0
4,6,8,7,0
5,2,3,7,2
6,5,2,7,0
7,4,10,7,0
8,6,2,7,0
9,7,10,7,0
0,9,6,8,3
1,9,7,8,0
2,1,5,8,0
3,7,8,8,0
4,5,8,8,0
5,2,3,8,2
6,5,3,8,0
7,4,10,8,0
8,6,2,8,0
9,7,10,8,0
0,10,6,9,3
1,9,7,9,0
2,1,6,9,0
3,7,8,9,0
4,4,8,9,0
5,2,2,9,2
6,4,3,9,0
7,4,10,9,0
8,5,2,9,0
9,7,10,9,0
0,10,5,10,3
1,10,7,10,0
2,1,5,10,0
3,7,8,10,0
4,3,8,10,0
5,2,2,10,2
6,4,2,10,0
7,4,10,10,0
8,5,3,10,0
9,7,9,10,0
0,10,4,11,3
1,10,7,11,0
2,1,5,11,0
3,7,9,11,0
4,3,8,11,0
5,2,2,11,2
6,3,2,11,0
7,4,10,11,0
8,5,2,11,0
9,7,9,11,0
0,10,4,12,3
1,10,7,12,0
2,1,5,12,0
3,6,9,12,0
4,3,8,12,0
5,2,2,12,2
6,3,2,12,0
7,4,9,12,0
8,5,1,12,0
9,7,9,12,0
0,10,4,13,3
1,10,8,13,0
2,1,5,13,0
3,6,9,13,0
4,3,8,13,0
5,2,2,13,2
6,3,2,13,0
7,3,9,13,0
8,6,1,13,0
9,6,9,13,0
0,10,4,14,3
1,9,8,14,0
2,1,4,14,0
3,6,8,14,0
4,3,9,14,0
5,2,2,14,2
6,3,2,14,0
7,3,9,14,0
8,6,1,14,0
9,5,9,14,0
0,10,4,15,3
1,10,8,15,0
2,1,4,15,0
3,6,7,15,0
4,3,9,15,0
5,2,2,15,2
6,4,2,15,0
7,3,9,15,0
8,6,1,15,0
9,4,9,15,0
0,10,3,16,3
1,10,7,16,0
2,1,4,16,0
3,6,7,16,0
4,3,9,16,0
5,3,2,16,2
6,4,2,16,0
7,3,9,16,0
8,6,1,16,0
9,5,9,16,0
0,9,3,17,3
1,10,7,17,0
2,2,4,17,0
3,6,6,17,0
4,3,8,17,0
5,3,2,17,2
6,4,1,17,0
7,3,9,17,0
8,6,2,17,0
9,5,9,17,0
0,9,3,18,3
1,10,7,18,0
2,2,4,18,0
3,6,5,18,0
4,3,7,18,0
5,3,2,18,2
6,5,1,18,0
7,3,9,18,0
8,7,2,18,0
9,5,9,18,0
0,9,3,19,3
1,10,6,19,0
2,2,4,19,0
3,7,5,19,0
4,4,7,19,0
5,3,3,19,2
6,5,1,19,0
7,3,9,19,0
8,7,2,19,0
9,5,8,19,0
0,10,3,20,3
1,10,7,20,0
2,3,4,20,0
3,8,5,20,0
4,4,7,20,0
5,4,3,20,2
6,5,1,20,0
7,3,9,20,0
8,7,2,20,0
9,5,8,20,0
0,10,3,21,3
1,10,8,21,0
2,3,4,21,0
3,7,5,21,0
4,5,7,21,0
5,4,3,21,2
6,5,1,21,0
7,3,9,21,0
8,8,2,21,0
9,5,7,21,0
0,10,2,22,3
1,10,7,22,0
2,3,4,22,0
3,6,5,22,0
4,5,7,22,0
5,4,3,22,2
6,4,1,22,0
7,4,9,22,0
8,8,2,22,0
9,5,7,22,0
0,10,2,23,3
1,10,7,23,0
2,3,3,23,0
3,7,5,23,0
4,5,8,23,0
5,5,3,23,2
6,4,1,23,0
7,4,10,23,0
8,8,1,23,0
9,5,7,23,0
0,10,2,24,3
1,9,7,24,0
2,3,2,24,0
3,8,5,24,0
4,5,8,24,0
5,4,3,24,2
6,4,1,24,0
7,4,10,24,0
8,9,1,24,0
9,5,7,24,0
0,10,2,25,3
1,9,7,25,0
2,3,2,25,0
3,7,5,25,0
4,5,8,25,0
5,4,3,25,2
6,4,1,25,0
7,5,10,25,0
8,8,1,25,2
9,5,7,25,0
0,10,2,26,3
1,9,7,26,0
2,3,2,26,0
3,7,4,26,0
4,6,8,26,0
5,4,3,26,2
6,4,1,26,0
7,5,10,26,0
8,8,1,26,2
9,5,8,26,0
0,10,1,27,3
1,8,7,27,0
2,3,2,27,0
3,7,4,27,0
4,6,9,27,0
5,4,3,27,2
6,3,1,27,0
7,5,10,27,0
8,8,2,27,2
9,5,8,27,0
0,10,1,28,3
1,8,8,28,0
2,3,1,28,0
3,6,4,28,0
4,6,9,28,0
5,4,4,28,2
6,3,2,28,0
7,6,10,28,0
8,7,2,28,2
9,5,9,28,0
0,10,1,29,3
1,8,9,29,0
2,3,1,29,0
3,5,4,29,0
4,5,9,29,0
5,4,4,29,2
6,3,3,29,0
7,6,10,29,0
8,7,2,29,2
9,5,9,29,0
0,10,1,30,3
1,8,9,30,0
2,3,1,30,0
3,5,3,30,0
4,5,9,30,0
5,3,4,30,2
6,3,3,30,0
7,6,10,30,0
8,7,3,30,2
9,6,9,30,0
0,10,1,31,3
1,8,9,31,0
2,3,1,31,0
3,6,3,31,0
4,5,9,31,0
5,3,3,31,2
6,3,3,31,0
7,7,10,31,0
8,8,3,31,2
9,7,9,31,0
0,10,2,32,3
1,8,9,32,0
2,3,1,32,0
3,6,3,32,0
4,5,9,32,0
5,2,3,32,2
6,3,2,32,0
7,7,10,32,0
8,9,3,32,2
9,8,9,32,0
0,10,2,33,3
1,8,9,33,0
2,3,1,33,0
3,6,2,33,0
4,5,10,33,0
5,2,3,33,2
6,3,2,33,0
7,8,10,33,0
8,9,3,33,2
9,8,9,33,0
0,10,2,34,3
1,8,9,34,0
2,3,1,34,0
3,6,2,34,0
4,5,10,34,0
5,2,3,34,2
6,3,2,34,0
7,8,10,34,0
8,9,3,34,2
9,8,10,34,0
0,10,2,35,3
1,8,8,35,0
2,3,1,35,0
3,6,1,35,0
4,5,9,35,0
5,2,3,35,2
6,3,2,35,0
7,8,9,35,0
8,10,3,35,2
9,9,10,35,0
0,9,2,36,3
1,8,9,36,0
2,3,1,36,0
3,6,1,36,0
4,6,9,36,0
5,2,3,36,2
6,3,2,36,0
7,8,9,36,0
8,9,3,36,2
9,8,10,36,0
0,8,2,37,3
1,7,9,37,0
2,3,1,37,0
3,6,1,37,0
4,5,9,37,0
5,2,3,37,2
6,3,1,37,0
7,8,9,37,0
8,10,3,37,2
9,8,10,37,0
0,8,2,38,3
1,7,10,38,1
2,4,1,38,0
3,5,1,38,0
4,5,8,38,0
5,2,3,38,2
6,3,1,38,0
7,8,8,38,0
8,10,2,38,2
9,8,10,38,0
0,8,2,39,3
1,7,10,39,0
2,3,1,39,0
3,6,1,39,0
4,5,8,39,0
5,3,3,39,2
6,3,1,39,0
7,8,8,39,0
8,9,2,39,2
9,8,10,39,0
0,8,1,40,3
1,7,10,40,0
2,4,1,40,0
3,6,2,40,0
4,5,9,40,0
5,3,3,40,2
6,3,2,40,0
7,8,8,40,0
8,8,2,40,2
9,7,10,40,0
0,9,1,41,3
1,8,10,41,0
2,5,1,41,0
3,6,1,41,0
4,5,10,41,1
5,3,2,41,2
6,3,2,41,0
7,8,9,41,0
8,9,2,41,2
9,7,10,41,0
0,9,1,42,3
1,8,10,42,0
2,5,1,42,0
3,6,1,42,0
4,5,9,42,0
5,3,2,42,2
6,3,2,42,0
7,8,9,42,0
8,8,2,42,2
9,6,10,42,0
0,8,1,43,3
1,8,10,43,0
2,5,1,43,0
3,5,1,43,0
4,5,9,43,0
5,4,2,43,2
6,3,2,43,0
7,8,10,43,0
8,7,2,43,2
9,7,10,43,0
0,8,2,44,3
1,8,10,44,0
2,4,1,44,0
3,6,1,44,0
4,5,9,44,0
5,4,2,44,2
6,3,2,44,0
7,9,10,44,0
8,7,2,44,2
9,7,10,44,0
0,9,2,45,3
1,9,10,45,0
2,4,1,45,0
3,5,1,45,0
4,4,9,45,0
5,4,2,45,2
6,3,3,45,0
7,9,9,45,0
8,7,3,45,2
9,7,10,45,0
0,9,3,46,3
1,8,10,46,0
2,4,1,46,0
3,5,1,46,0
4,5,9,46,0
5,4,1,46,2
6,3,3,46,0
7,9,9,46,0
8,7,2,46,2
9,6,10,46,0
0,9,3,47,3
1,8,9,47,0
2,4,1,47,0
3,5,2,47,0
4,6,9,47,0
5,4,1,47,2
6,3,3,47,0
7,10,9,47,0
8,7,1,47,2
9,5,10,47,0
0,9,4,48,3
1,8,10,48,0
2,4,1,48,2
3,6,2,48,0
4,6,10,48,0
5,4,2,48,2
6,3,3,48,0
7,10,8,48,0
8,8,1,48,2
9,4,10,48,0
0,9,4,49,3
1,8,10,49,0
2,4,1,49,2
3,5,2,49,0
4,6,10,49,0
5,5,2,49,2
6,3,3,49,0
7,10,9,49,0
8,8,1,49,2
9,4,10,49,0
0,9,3,50,3
1,8,10,50,0
2,4,1,50,2
3,5,2,50,0
4,6,10,50,0
5,5,2,50,2
6,3,3,50,0
7,10,8,50,0
8,7,1,50,2
9,4,10,50,0
0,9,3,51,3
1,8,10,51,0
2,4,1,51,2
3,5,2,51,0
4,5,10,51,0
5,5,2,51,2
6,3,3,51,0
7,10,8,51,0
8,6,1,51,2
9,4,10,51,0
0,9,3,52,3
1,7,10,52,0
2,4,1,52,2
3,5,2,52,0
4,5,10,52,0
5,5,2,52,2
6,3,3,52,0
7,10,8,52,0
8,6,1,52,2
9,4,10,52,0
0,9,2,53,3
1,7,9,53,0
2,4,1,53,2
3,5,2,53,0
4,5,9,53,0
5,4,2,53,2
6,3,3,53,0
7,10,8,53,0
8,6,2,53,2
9,4,10,53,0
0,9,1,54,3
1,7,10,54,0
2,4,1,54,2
3,5,3,54,0
4,5,9,54,0
5,4,2,54,2
6,3,4,54,0
7,10,8,54,0
8,7,2,54,2
9,3,10,54,0
0,10,1,55,3
1,6,10,55,0
2,4,1,55,2
3,5,4,55,0
4,5,9,55,0
5,4,2,55,2
6,3,3,55,0
7,10,9,55,0
8,7,2,55,2
9,3,10,55,0
0,10,1,56,3
1,5,10,56,0
2,4,1,56,2
3,5,5,56,0
4,5,9,56,0
5,4,2,56,2
6,3,2,56,0
7,10,9,56,0
8,7,2,56,2
9,2,10,56,0
0,10,2,57,3
1,5,10,57,0
2,4,1,57,2
3,5,4,57,0
4,5,8,57,0
5,4,2,57,2
6,3,3,57,2
7,10,9,57,0
8,7,2,57,2
9,2,9,57,0
0,10,2,58,3
1,5,10,58,0
2,4,2,58,2
3,5,5,58,0
4,4,8,58,0
5,5,2,58,2
6,3,2,58,2
7,10,9,58,0
8,7,2,58,2
9,2,9,58,0
0,10,2,59,3
1,5,10,59,0
2,4,2,59,2
3,5,6,59,0
4,5,8,59,0
5,5,1,59,2
6,3,2,59,2
7,10,9,59,0
8,8,2,59,2
9,2,8,59,0
0,10,2,60,3
1,5,10,60,0
2,3,2,60,2
3,4,6,60,0
4,4,8,60,0
5,5,1,60,2
6,3,2,60,2
7,10,9,60,0
8,8,2,60,2
9,2,8,60,0
0,10,2,61,3
1,5,9,61,0
2,3,1,61,2
3,3,6,61,0
4,4,8,61,0
5,5,1,61,2
6,4,2,61,2
7,10,9,61,0
8,9,2,61,2
9,2,8,61,0
0,10,1,62,3
1,5,9,62,0
2,3,1,62,2
3,4,6,62,0
4,4,7,62,0
5,5,1,62,2
6,4,2,62,2
7,10,9,62,0
8,9,3,62,2
9,3,8,62,0
0,10,1,63,3
1,5,9,63,0
2,2,1,63,2
3,4,5,63,0
4,4,6,63,0
5,5,1,63,2
6,4,1,63,2
7,10,9,63,0
8,9,3,63,2
9,3,8,63,0
0,10,1,64,3
1,5,9,64,0
2,3,1,64,2
3,4,5,64,0
4,5,6,64,0
5,5,1,64,2
6,4,1,64,2
7,10,9,64,0
8,9,4,64,2
9,3,8,64,0
0,10,1,65,3
1,5,10,65,0
2,3,1,65,2
3,4,4,65,0
4,5,6,65,0
5,4,1,65,2
6,4,1,65,2
7,10,10,65,0
8,9,5,65,2
9,3,8,65,0
0,10,1,66,3
1,5,9,66,0
2,3,1,66,2
3,4,5,66,0
4,5,6,66,0
5,5,1,66,2
6,4,2,66,2
7,10,10,66,0
8,9,4,66,2
9,3,8,66,0
0,10,1,67,3
1,6,9,67,0
2,3,1,67,2
3,4,5,67,0
4,5,5,67,0
5,5,1,67,2
6,4,1,67,2
7,10,10,67,0
8,9,4,67,2
9,3,9,67,0
0,10,1,68,3
1,6,9,68,0
2,3,1,68,2
3,5,5,68,0
4,5,6,68,0
5,5,1,68,2
6,4,2,68,2
7,10,10,68,0
8,9,5,68,2
9,3,8,68,0
0,10,2,69,3
1,5,9,69,0
2,3,1,69,2
3,5,6,69,0
4,5,6,69,0
5,4,1,69,2
6,4,2,69,2
7,10,10,69,0
8,9,5,69,2
9,3,8,69,0
0,10,1,70,3
1,4,9,70,0
2,3,1,70,2
3,5,7,70,0
4,5,5,70,0
5,5,1,70,2
6,4,2,70,2
7,10,10,70,0
8,9,6,70,2
9,2,8,70,0
0,10,1,71,3
1,4,8,71,0
2,3,1,71,2
3,5,7,71,0
4,6,5,71,0
5,5,1,71,2
6,5,2,71,2
7,10,10,71,0
8,9,7,71,2
9,2,8,71,0
0,10,1,72,3
1,5,8,72,0
2,3,1,72,2
3,4,7,72,0
4,6,5,72,0
5,4,1,72,2
6,5,2,72,2
7,10,9,72,0
8,10,7,72,2
9,2,8,72,0
0,9,1,73,3
1,5,7,73,0
2,3,1,73,2
3,4,6,73,0
4,6,5,73,0
5,4,1,73,2
6,5,2,73,2
7,10,9,73,0
8,10,8,73,2
9,2,8,73,0
0,8,1,74,3
1,5,8,74,0
2,3,1,74,2
3,3,6,74,0
4,6,5,74,0
5,3,1,74,2
6,5,3,74,2
7,10,8,74,0
8,9,8,74,2
9,2,8,74,0
0,7,1,75,3
1,4,8,75,0
2,4,1,75,2
3,2,6,75,0
4,6,5,75,0
5,2,1,75,2
6,5,3,75,2
7,10,8,75,0
8,9,8,75,2
9,1,8,75,0
0,7,1,76,3
1,4,8,76,0
2,4,1,76,2
3,2,6,76,0
4,6,4,76,0
5,2,1,76,2
6,5,3,76,2
7,10,8,76,0
8,10,8,76,2
9,2,8,76,0
0,7,1,77,3
1,4,8,77,0
2,4,2,77,2
3,3,6,77,0
4,6,3,77,0
5,2,1,77,2
6,5,3,77,2
7,10,8,77,0
8,10,7,77,2
9,2,7,77,0
0,8,1,78,3
1,4,8,78,0
2,4,2,78,2
3,4,6,78,0
4,6,3,78,0
5,2,2,78,2
6,5,3,78,2
7,10,8,78,0
8,9,7,78,2
9,2,6,78,0
0,9,1,79,3
1,3,8,79,0
2,4,2,79,2
3,5,6,79,0
4,5,3,79,0
5,2,2,79,2
6,6,3,79,3
7,10,8,79,0
8,9,7,79,2
9,2,6,79,0
0,9,1,80,3
1,4,8,80,0
2,5,2,80,2
3,6,6,80,2
4,6,3,80,0
5,2,2,80,2
6,6,4,80,3
7,10,8,80,0
8,10,7,80,2
9,1,6,80,0
0,9,1,81,3
1,5,8,81,0
2,6,2,81,2
3,5,6,81,2
4,6,3,81,0
5,2,2,81,2
6,5,4,81,3
7,10,9,81,0
8,10,6,81,2
9,1,5,81,0
0,9,2,82,3
1,4,8,82,0
2,6,2,82,2
3,6,6,82,2
4,5,3,82,0
5,1,2,82,2
6,5,5,82,3
7,10,9,82,0
8,10,7,82,2
9,1,5,82,0
0,9,3,83,3
1,4,7,83,0
2,6,2,83,2
3,6,6,83,2
4,5,3,83,0
5,1,1,83,2
6,5,6,83,3
7,9,9,83,0
8,9,7,83,2
9,1,5,83,0
0,9,2,84,3
1,4,7,84,0
2,6,2,84,2
3,6,7,84,2
4,5,3,84,0
5,1,1,84,2
6,5,6,84,3
7,10,9,84,0
8,9,8,84,2
9,1,5,84,0
0,9,2,85,3
1,4,8,85,0
2,6,2,85,2
3,6,8,85,2
4,5,2,85,0
5,1,1,85,2
6,4,6,85,3
7,10,8,85,0
8,9,9,85,2
9,1,6,85,0
0,8,2,86,3
1,4,8,86,0
2,6,2,86,2
3,6,9,86,2
4,5,2,86,0
5,2,1,86,2
6,4,6,86,3
7,10,9,86,0
8,9,9,86,2
9,1,6,86,0
0,8,2,87,3
1,4,8,87,0
2,6,2,87,2
3,6,9,87,2
4,5,1,87,0
5,2,1,87,2
6,4,6,87,3
7,10,9,87,0
8,9,9,87,2
9,1,6,87,0
0,8,2,88,3
1,5,8,88,0
2,6,2,88,2
3,6,10,88,2
4,5,1,88,0
5,2,1,88,2
6,5,6,88,3
7,10,9,88,0
8,9,9,88,2
9,1,6,88,0
0,7,2,89,3
1,5,7,89,0
2,6,1,89,2
3,6,10,89,2
4,5,1,89,0
5,2,1,89,2
6,5,6,89,3
7,10,9,89,0
8,9,8,89,2
9,1,5,89,0
0,7,2,90,3
1,4,7,90,0
2,6,1,90,2
3,6,9,90,2
4,5,2,90,0
5,1,1,90,2
6,5,5,90,3
7,10,9,90,0
8,10,8,90,2
9,1,5,90,0
0,7,2,91,3
1,4,8,91,0
2,6,2,91,2
3,5,9,91,2
4,5,2,91,0
5,2,1,91,2
6,5,5,91,3
7,9,9,91,0
8,10,8,91,2
9,1,6,91,0
0,7,2,92,3
1,4,8,92,0
2,6,2,92,2
3,5,10,92,2
4,5,1,92,0
5,1,1,92,2
6,5,5,92,3
7,9,9,92,0
8,10,8,92,2
9,1,6,92,0
0,8,2,93,3
1,5,8,93,0
2,6,2,93,2
3,5,9,93,3
4,5,1,93,0
5,1,1,93,2
6,5,5,93,3
7,9,9,93,0
8,10,7,93,2
9,1,6,93,0
0,8,2,94,3
1,5,8,94,0
2,6,2,94,2
3,5,9,94,3
4,6,1,94,0
5,1,1,94,2
6,4,5,94,3
7,9,9,94,0
8,10,8,94,2
9,1,6,94,0
0,7,2,95,3
1,5,7,95,0
2,7,2,95,2
3,5,10,95,3
4,6,1,95,0
5,1,1,95,2
6,4,4,95,3
7,9,9,95,0
8,9,8,95,2
9,1,6,95,0
0,7,1,96,3
1,5,7,96,0
2,6,2,96,2
3,6,10,96,3
4,6,1,96,0
5,1,1,96,2
6,4,4,96,3
7,8,9,96,0
8,9,8,96,2
9,1,5,96,0
0,7,1,97,3
1,4,7,97,0
2,5,2,97,2
3,6,9,97,3
4,6,1,97,0
5,1,1,97,2
6,4,4,97,3
7,8,9,97,0
8,9,8,97,2
9,1,6,97,0
0,6,1,98,3
1,4,6,98,0
2,5,2,98,2
3,5,9,98,3
4,7,1,98,0
5,1,1,98,2
6,4,4,98,3
7,8,9,98,0
8,9,8,98,2
9,1,6,98,0
0,5,1,99,3
1,4,6,99,0
2,5,2,99,2
3,5,10,99,3
4,6,1,99,0
5,2,1,99,2
6,4,4,99,3
7,8,9,99,0
8,9,8,99,2
9,1,7,99,0
0,5,1,100,3
1,4,5,100,0
2,5,2,100,2
3,5,9,100,3
4,6,1,100,0
5,1,1,100,2
6,4,4,100,3
7,8,9,100,0
8,10,8,100,2
9,2,7,100,0
0,5,1,101,3
1,4,5,101,0
2,5,3,101,2
3,6,9,101,3
4,7,1,101,0
5,1,1,101,2
6,4,3,101,3
7,8,9,101,0
8,10,8,101,2
9,3,7,101,0
0,4,1,102,3
1,4,6,102,0
2,5,3,102,2
3,7,9,102,3
4,7,1,102,0
5,1,1,102,2
6,4,3,102,3
7,8,9,102,0
8,9,8,102,2
9,3,7,102,1
0,4,1,103,3
1,4,5,103,0
2,5,3,103,2
3,8,9,103,3
4,7,1,103,0
5,1,1,103,2
6,4,3,103,3
7,8,9,103,0
8,8,8,103,2
9,4,7,103,0
0,4,1,104,3
1,4,4,104,0
2,5,3,104,2
3,8,9,104,3
4,7,1,104,2
5,1,1,104,2
6,3,3,104,3
7,8,10,104,0
8,9,8,104,2
9,4,7,104,0
0,4,1,105,3
1,4,4,105,0
2,5,3,105,2
3,8,9,105,3
4,7,1,105,2
5,1,1,105,2
6,3,3,105,3
7,8,9,105,0
8,9,7,105,2
9,4,7,105,0
0,4,1,106,3
1,4,4,106,0
2,5,3,106,2
3,9,9,106,3
4,8,1,106,2
5,1,1,106,2
6,3,3,106,3
7,7,9,106,0
8,9,8,106,2
9,4,7,106,0
0,3,1,107,3
1,4,5,107,0
2,5,3,107,2
3,10,9,107,3
4,8,1,107,2
5,1,1,107,2
6,2,3,107,3
7,7,9,107,0
8,8,8,107,2
9,4,7,107,0
0,3,1,108,3
1,3,5,108,0
2,5,3,108,2
3,10,9,108,3
4,7,1,108,2
5,1,1,108,2
6,3,3,108,3
7,7,9,108,0
8,8,9,108,2
9,5,7,108,0
0,2,1,109,3
1,4,5,109,0
2,5,2,109,2
3,10,9,109,3
4,6,1,109,2
5,1,1,109,2
6,2,3,109,3
7,8,9,109,0
8,8,9,109,2
9,5,6,109,0
0,1,1,110,3
1,4,5,110,0
2,5,1,110,2
3,10,8,110,3
4,6,1,110,2
5,2,1,110,3
6,2,2,110,3
7,8,9,110,0
8,9,9,110,2
9,6,6,110,0
0,1,2,111,3
1,4,6,111,0
2,5,1,111,2
3,10,8,111,3
4,5,1,111,2
5,3,1,111,3
6,2,1,111,3
7,8,9,111,0
8,9,9,111,2
9,6,6,111,0
0,1,1,112,3
1,5,6,112,0
2,5,1,112,2
3,10,7,112,3
4,4,1,112,2
5,3,2,112,3
6,1,1,112,3
7,8,9,112,0
8,9,10,112,2
9,6,6,112,0
0,1,1,113,3
1,5,7,113,0
2,5,2,113,2
3,10,8,113,3
4,4,1,113,2
5,3,2,113,3
6,1,2,113,3
7,8,9,113,0
8,8,10,113,2
9,5,6,113,0
0,1,1,114,3
1,5,7,114,0
2,5,2,114,2
3,9,8,114,3
4,4,1,114,2
5,3,2,114,3
6,1,2,114,3
7,8,9,114,2
8,9,10,114,2
9,5,6,114,0
0,1,1,115,3
1,5,7,115,0
2,6,2,115,2
3,9,7,115,3
4,4,1,115,2
5,2,2,115,3
6,1,1,115,3
7,8,8,115,2
8,10,10,115,2
9,5,6,115,0
0,1,1,116,3
1,5,7,116,0
2,6,2,116,2
3,10,7,116,3
4,4,1,116,2
5,2,2,116,3
6,1,1,116,3
7,9,8,116,2
8,10,9,116,2
9,5,6,116,0
0,1,2,117,3
1,5,7,117,1
2,7,2,117,2
3,10,7,117,3
4,3,1,117,2
5,2,2,117,3
6,1,1,117,3
7,9,8,117,2
8,10,10,117,2
9,6,6,117,0
0,1,2,118,3
1,5,7,118,0
2,7,2,118,2
3,9,7,118,3
4,3,1,118,2
5,3,2,118,3
6,1,2,118,3
7,9,8,118,2
8,10,9,118,3
9,6,6,118,0
0,1,1,119,3
1,6,7,119,0
2,7,2,119,2
3,8,7,119,3
4,3,2,119,2
5,3,2,119,3
6,1,2,119,3
7,9,8,119,2
8,10,10,119,3
9,6,6,119,0
0,2,1,120,3
1,6,8,120,0
2,7,1,120,2
3,8,7,120,3
4,4,2,120,2
5,3,1,120,3
6,1,2,120,3
7,9,8,120,2
8,9,10,120,3
9,6,5,120,0
0,2,1,121,3
1,6,7,121,0
2,7,1,121,2
3,8,7,121,3
4,3,2,121,2
5,3,1,121,3
6,1,3,121,3
7,9,8,121,2
8,9,10,121,3
9,6,5,121,0
0,2,1,122,3
1,5,7,122,0
2,7,1,122,2
3,8,6,122,3
4,2,2,122,2
5,3,1,122,3
6,2,3,122,3
7,9,8,122,2
8,9,9,122,3
9,6,4,122,0
0,2,2,123,3
1,6,7,123,0
2,7,1,123,2
3,7,6,123,3
4,2,2,123,2
5,3,1,123,3
6,1,3,123,3
7,9,8,123,2
8,9,9,123,3
9,6,4,123,0
0,1,2,124,3
1,5,7,124,0
2,7,1,124,2
3,6,6,124,3
4,2,3,124,2
5,3,2,124,3
6,1,3,124,3
7,9,8,124,2
8,9,9,124,3
9,6,3,124,0
0,1,2,125,3
1,5,7,125,0
2,7,2,125,2
3,6,5,125,3
4,2,3,125,2
5,3,2,125,3
6,1,2,125,3
7,9,8,125,2
8,8,9,125,3
9,6,3,125,0
0,2,2,126,3
1,5,6,126,0
2,7,2,126,2
3,7,5,126,3
4,2,3,126,2
5,3,2,126,3
6,1,2,126,3
7,9,8,126,2
8,8,10,126,3
9,6,3,126,0
0,2,3,127,3
1,5,7,127,0
2,7,2,127,2
3,6,5,127,3
4,1,3,127,2
5,3,2,127,3
6,1,2,127,3
7,8,8,127,2
8,8,9,127,3
9,7,3,127,0
0,2,4,128,3
1,5,7,128,0
2,7,2,128,2
3,5,5,128,3
4,1,4,128,2
5,3,2,128,3
6,2,2,128,3
7,8,8,128,2
8,8,9,128,3
9,7,3,128,0
0,2,3,129,3
1,4,7,129,0
2,8,2,129,2
3,5,4,129,3
4,1,4,129,2
5,3,2,129,3
6,2,2,129,3
7,9,8,129,2
8,9,9,129,3
9,7,3,129,0
0,1,3,130,3
1,5,7,130,0
2,8,2,130,2
3,6,4,130,3
4,1,5,130,2
5,4,2,130,3
6,2,1,130,3
7,9,8,130,2
8,9,9,130,3
9,7,3,130,0
0,2,3,131,3
1,5,7,131,0
2,8,2,131,2
3,7,4,131,3
4,1,5,131,2
5,4,2,131,3
6,2,1,131,3
7,8,8,131,2
8,8,9,131,3
9,7,3,131,0
0,2,4,132,3
1,5,7,132,0
2,8,2,132,2
3,8,4,132,3
4,1,5,132,2
5,4,1,132,3
6,2,1,132,3
7,8,8,132,2
8,8,9,132,3
9,7,3,132,0
0,2,4,133,3
1,5,7,133,0
2,8,2,133,2
3,8,5,133,3
4,1,5,133,2
5,4,1,133,3
6,3,1,133,3
7,9,8,133,2
8,8,10,133,3
9,7,3,133,0
0,1,4,134,3
1,5,7,134,0
2,8,2,134,2
3,8,4,134,3
4,1,5,134,2
5,4,1,134,3
6,3,1,134,3
7,9,8,134,2
8,8,10,134,3
9,7,3,134,0
0,1,4,135,3
1,6,7,135,0
2,9,2,135,2
3,7,4,135,3
4,1,6,135,2
5,4,1,135,3
6,3,1,135,3
7,9,7,135,2
8,9,10,135,3
9,7,3,135,0
0,1,3,136,3
1,6,7,136,0
2,9,2,136,2
3,7,4,136,3
4,1,5,136,2
5,4,1,136,3
6,2,1,136,3
7,8,7,136,2
8,8,10,136,3
9,7,3,136,0
0,1,3,137,3
1,7,7,137,0
2,9,2,137,2
3,7,3,137,3
4,1,6,137,2
5,4,2,137,3
6,2,1,137,3
7,8,7,137,2
8,8,10,137,3
9,8,3,137,0
0,1,4,138,3
1,8,7,138,0
2,9,3,138,2
3,6,3,138,3
4,1,6,138,2
5,4,1,138,3
6,1,1,138,3
7,7,7,138,2
8,7,10,138,3
9,8,2,138,0
0,1,4,139,3
1,8,7,139,0
2,9,3,139,2
3,6,4,139,3
4,1,5,139,2
5,4,2,139,3
6,1,1,139,3
7,7,7,139,2
8,8,10,139,3
9,8,2,139,0
0,1,5,140,3
1,8,7,140,0
2,9,3,140,2
3,6,4,140,3
4,1,5,140,2
5,4,2,140,3
6,2,1,140,3
7,7,7,140,2
8,9,10,140,3
9,7,2,140,0
0,2,5,141,3
1,9,7,141,0
2,9,4,141,2
3,7,4,141,3
4,1,5,141,2
5,4,2,141,3
6,3,1,141,3
7,7,7,141,2
8,9,10,141,3
9,6,2,141,0
0,3,5,142,3
1,9,6,142,0
2,9,4,142,2
3,6,4,142,3
4,1,6,142,2
5,4,1,142,3
6,3,1,142,3
7,7,7,142,2
8,9,10,142,3
9,6,1,142,0
0,3,4,143,3
1,9,6,143,0
2,9,3,143,2
3,6,4,143,3
4,1,6,143,2
5,4,1,143,3
6,3,1,143,3
7,8,7,143,2
8,9,9,143,3
9,6,1,143,0
0,3,4,144,3
1,9,6,144,0
2,9,4,144,2
3,5,4,144,3
4,1,6,144,2
5,4,1,144,3
6,3,2,144,3
7,8,7,144,2
8,9,8,144,3
9,7,1,144,0
0,3,4,145,3
1,9,6,145,0
2,9,4,145,3
3,6,4,145,3
4,1,6,145,2
5,4,2,145,3
6,3,2,145,3
7,8,6,145,2
8,9,8,145,3
9,6,1,145,0
0,3,5,146,3
1,9,5,146,1
2,9,4,146,3
3,5,4,146,3
4,1,6,146,2
5,4,1,146,3
6,3,2,146,3
7,8,6,146,2
8,8,8,146,3
9,7,1,146,0
0,4,5,147,3
1,9,6,147,0
2,9,4,147,3
3,4,4,147,3
4,2,6,147,2
5,4,1,147,3
6,3,1,147,3
7,8,6,147,2
8,7,8,147,3
9,7,1,147,0
0,5,5,148,3
1,9,5,148,0
2,8,4,148,3
3,4,5,148,3
4,2,7,148,2
5,4,1,148,3
6,3,1,148,3
7,8,6,148,2
8,7,7,148,3
9,8,1,148,0
0,5,5,149,3
1,9,6,149,0
2,8,4,149,3
3,4,4,149,3
4,2,6,149,2
5,4,1,149,3
6,2,1,149,3
7,7,6,149,2
8,6,7,149,3
9,8,1,149,0
0,5,5,150,3
1,9,7,150,0
2,8,3,150,3
3,4,4,150,3
4,2,6,150,2
5,4,1,150,3
6,2,1,150,3
7,7,6,150,2
8,6,8,150,3
9,8,1,150,0
0,5,5,151,3
1,8,7,151,0
2,9,3,151,3
3,4,4,151,3
4,2,7,151,2
5,4,1,151,3
6,1,1,151,3
7,6,6,151,2
8,6,7,151,3
9,9,1,151,0
0,5,6,152,3
1,8,8,152,0
2,9,3,152,3
3,4,4,152,3
4,2,7,152,2
5,4,1,152,3
6,1,1,152,3
7,6,6,152,2
8,6,8,152,3
9,9,1,152,0
0,5,6,153,3
1,8,8,153,0
2,9,3,153,3
3,4,5,153,3
4,1,7,153,2
5,4,1,153,3
6,1,2,153,3
7,6,6,153,2
8,6,8,153,3
9,10,1,153,0
0,5,7,154,3
1,7,8,154,0
2,9,4,154,3
3,4,5,154,3
4,1,7,154,2
5,4,1,154,3
6,2,2,154,3
7,6,6,154,2
8,6,9,154,3
9,10,1,154,0
0,4,7,155,3
1,7,8,155,0
2,9,3,155,3
3,4,5,155,3
4,1,8,155,2
5,5,1,155,3
6,2,2,155,3
7,6,6,155,2
8,7,9,155,3
9,10,1,155,0
0,4,7,156,3
1,6,8,156,0
2,9,3,156,3
3,3,5,156,3
4,2,8,156,2
5,5,1,156,3
6,2,2,156,3
7,6,6,156,2
8,8,9,156,3
9,10,2,156,0
0,4,7,157,3
1,6,8,157,0
2,9,3,157,3
3,2,5,157,3
4,2,8,157,2
5,5,1,157,3
6,2,2,157,3
7,6,6,157,2
8,7,9,157,3
9,10,2,157,0
0,3,7,158,3
1,6,8,158,0
2,9,3,158,3
3,2,5,158,3
4,2,9,158,2
5,5,1,158,3
6,3,2,158,3
7,6,6,158,2
8,6,9,158,3
9,10,3,158,0
0,3,7,159,3
1,6,8,159,0
2,9,3,159,3
3,2,6,159,3
4,2,8,159,2
5,5,1,159,3
6,3,1,159,3
7,6,6,159,2
8,6,9,159,3
9,10,3,159,0
0,3,7,160,3
1,6,8,160,0
2,9,2,160,3
3,2,6,160,3
4,2,8,160,2
5,5,1,160,3
6,3,2,160,3
7,6,6,160,2
8,5,9,160,3
9,10,2,160,0
0,3,7,161,3
1,6,8,161,0
2,9,2,161,3
3,2,5,161,3
4,2,8,161,2
5,5,1,161,3
6,4,2,161,3
7,6,6,161,2
8,4,9,161,3
9,10,3,161,1
0,3,7,162,3
1,6,8,162,0
2,9,2,162,3
3,2,4,162,3
4,2,8,162,2
5,5,1,162,3
6,4,2,162,3
7,6,6,162,2
8,4,10,162,3
9,10,3,162,0
0,3,7,163,3
1,5,8,163,0
2,9,2,163,3
3,2,4,163,3
4,2,8,163,2
5,5,1,163,3
6,4,2,163,3
7,6,6,163,2
8,5,10,163,3
9,10,3,163,0
0,3,7,164,3
1,4,8,164,0
2,9,2,164,3
3,1,4,164,3
4,2,7,164,2
5,5,1,164,3
6,4,3,164,3
7,6,6,164,2
8,5,9,164,3
9,9,3,164,0
0,3,7,165,3
1,3,8,165,0
2,9,2,165,3
3,1,4,165,3
4,2,7,165,2
5,5,1,165,3
6,3,3,165,3
7,6,6,165,2
8,5,8,165,3
9,10,3,165,0
0,3,8,166,3
1,3,8,166,0
2,9,2,166,3
3,1,4,166,3
4,2,6,166,2
5,6,1,166,3
6,3,4,166,3
7,6,6,166,2
8,6,8,166,3
9,10,4,166,0
0,2,8,167,3
1,3,8,167,0
2,9,2,167,3
3,1,3,167,3
4,3,6,167,2
5,6,1,167,3
6,3,4,167,3
7,6,7,167,2
8,6,7,167,3
9,9,4,167,0
0,2,9,168,3
1,3,8,168,0
2,9,2,168,3
3,1,4,168,3
4,3,7,168,2
5,6,2,168,3
6,3,4,168,3
7,7,7,168,2
8,6,8,168,3
9,9,4,168,0
0,2,9,169,3
1,3,7,169,0
2,10,2,169,3
3,1,4,169,3
4,3,7,169,2
5,6,2,169,3
6,3,3,169,3
7,7,7,169,2
8,6,9,169,3
9,9,4,169,0
0,1,9,170,3
1,2,7,170,0
2,10,3,170,3
3,1,3,170,3
4,4,7,170,2
5,6,3,170,3
6,2,3,170,3
7,7,7,170,2
8,6,9,170,3
9,9,4,170,0
0,1,9,171,3
1,2,6,171,0
2,10,3,171,3
3,1,3,171,3
4,3,7,171,2
5,6,3,171,3
6,2,3,171,3
7,7,8,171,2
8,6,8,171,3
9,8,4,171,0
0,1,10,172,3
1,2,7,172,0
2,10,3,172,3
3,1,2,172,3
4,3,7,172,2
5,6,3,172,3
6,2,3,172,3
7,7,8,172,2
8,6,9,172,3
9,9,4,172,1
0,1,10,173,3
1,3,7,173,0
2,10,3,173,3
3,1,2,173,3
4,3,7,173,2
5,7,3,173,3
6,3,3,173,3
7,7,8,173,2
8,6,8,173,3
9,10,4,173,0
0,1,10,174,3
1,3,7,174,0
2,10,4,174,3
3,2,2,174,3
4,3,7,174,2
5,7,3,174,3
6,3,2,174,3
7,7,8,174,2
8,6,9,174,3
9,10,3,174,0
0,2,10,175,3
1,3,6,175,0
2,10,4,175,3
3,2,2,175,3
4,3,7,175,2
5,7,3,175,3
6,3,2,175,3
7,7,8,175,2
8,6,10,175,3
9,10,4,175,0
0,2,10,176,3
1,3,7,176,0
2,10,4,176,3
3,3,2,176,3
4,3,7,176,2
5,7,3,176,3
6,3,2,176,3
7,7,7,176,2
8,6,10,176,3
9,10,4,176,0
0,3,10,177,3
1,2,7,177,0
2,10,4,177,3
3,2,2,177,3
4,3,7,177,2
5,7,3,177,3
6,4,2,177,3
7,7,7,177,2
8,7,10,177,3
9,10,4,177,0
0,4,10,178,3
1,2,7,178,0
2,10,4,178,3
3,3,2,178,3
4,3,7,178,2
5,8,3,178,3
6,4,2,178,3
7,6,7,178,2
8,7,10,178,3
9,10,4,178,0
0,4,10,179,3
1,2,6,179,0
2,10,3,179,3
3,3,3,179,3
4,2,7,179,2
5,8,2,179,3
6,4,2,179,3
7,6,7,179,2
8,7,9,179,3
9,10,4,179,0
0,5,10,180,3
1,3,6,180,0
2,10,3,180,3
3,3,4,180,3
4,2,7,180,2
5,8,2,180,3
6,4,2,180,3
7,6,7,180,2
8,8,9,180,3
9,10,5,180,0
0,5,10,181,3
1,3,7,181,0
2,10,2,181,3
3,4,4,181,3
4,2,6,181,2
5,8,1,181,3
6,4,1,181,3
7,6,7,181,2
8,8,10,181,3
9,10,6,181,0
0,5,10,182,3
1,3,6,182,0
2,10,2,182,3
3,4,4,182,3
4,1,6,182,2
5,8,1,182,3
6,4,2,182,3
7,6,8,182,2
8,8,9,182,3
9,10,6,182,0
0,5,10,183,3
1,3,7,183,0
2,10,2,183,3
3,4,4,183,3
4,1,6,183,2
5,7,1,183,3
6,4,2,183,3
7,6,8,183,2
8,8,8,183,3
9,10,6,183,0
0,5,10,184,3
1,2,7,184,0
2,10,2,184,3
3,4,3,184,3
4,1,6,184,2
5,7,1,184,3
6,4,2,184,3
7,6,8,184,2
8,9,8,184,3
9,10,6,184,0
0,6,10,185,3
1,2,8,185,2
2,10,2,185,3
3,4,2,185,3
4,1,5,185,2
5,6,1,185,3
6,5,2,185,3
7,6,8,185,2
8,9,8,185,3
9,10,7,185,0
0,6,10,186,3
1,2,8,186,2
2,10,2,186,3
3,5,2,186,3
4,1,5,186,2
5,6,1,186,3
6,5,1,186,3
7,6,8,186,2
8,9,7,186,3
9,9,7,186,1
0,6,9,187,3
1,3,8,187,2
2,10,2,187,3
3,6,2,187,3
4,2,5,187,2
5,5,1,187,3
6,5,2,187,3
7,6,8,187,2
8,10,7,187,3
9,9,7,187,0
0,6,9,188,3
1,4,8,188,2
2,10,2,188,3
3,6,1,188,3
4,2,5,188,2
5,4,1,188,3
6,5,3,188,3
7,6,8,188,2
8,10,7,188,3
9,9,7,188,0
0,7,9,189,3
1,4,7,189,2
2,10,2,189,3
3,7,1,189,3
4,3,5,189,2
5,4,1,189,3
6,5,2,189,3
7,6,8,189,2
8,10,8,189,3
9,9,7,189,0
0,8,9,190,3
1,4,6,190,2
2,10,3,190,3
3,7,2,190,3
4,3,5,190,2
5,3,1,190,3
6,4,2,190,3
7,6,8,190,2
8,10,9,190,3
9,9,7,190,0
0,8,9,191,3
1,4,6,191,2
2,10,3,191,3
3,6,2,191,3
4,3,5,191,2
5,4,1,191,3
6,4,2,191,3
7,6,8,191,2
8,10,10,191,3
9,9,7,191,0
0,8,9,192,3
1,3,6,192,2
2,10,3,192,3
3,5,2,192,3
4,2,5,192,2
5,5,1,192,3
6,4,2,192,3
7,6,8,192,2
8,10,10,192,3
9,9,6,192,0
0,8,8,193,3
1,3,6,193,2
2,10,3,193,3
3,5,2,193,3
4,2,5,193,2
5,4,1,193,3
6,4,2,193,3
7,6,8,193,2
8,10,10,193,3
9,9,6,193,0
0,9,8,194,3
1,4,6,194,2
2,10,3,194,3
3,6,2,194,3
4,2,5,194,2
5,3,1,194,3
6,3,2,194,3
7,6,8,194,2
8,9,10,194,3
9,9,6,194,0
0,10,8,195,3
1,4,6,195,2
2,10,3,195,3
3,6,1,195,3
4,2,5,195,2
5,3,1,195,3
6,3,3,195,3
7,6,8,195,2
8,8,10,195,3
9,9,6,195,1
0,10,8,196,3
1,4,6,196,2
2,10,3,196,3
3,7,1,196,3
4,2,5,196,2
5,3,1,196,3
6,3,2,196,3
7,7,8,196,2
8,9,10,196,3
9,9,6,196,0
0,10,9,197,3
1,4,5,197,2
2,9,3,197,3
3,7,1,197,3
4,2,4,197,2
5,3,1,197,3
6,3,2,197,3
7,7,8,197,2
8,9,10,197,3
9,9,7,197,0
0,10,8,198,3
1,5,5,198,2
2,9,3,198,3
3,7,1,198,3
4,2,4,198,2
5,4,1,198,3
6,4,2,198,3
7,8,8,198,2
8,9,9,198,3
9,9,7,198,0
0,10,9,199,3
1,4,5,199,2
2,9,3,199,3
3,7,2,199,3
4,2,4,199,2
5,4,1,199,3
6,4,2,199,3
7,8,8,199,2
8,9,10,199,3
9,9,8,199,0
0,10,9,200,3
1,4,6,200,2
2,8,3,200,3
3,7,2,200,3
4,3,4,200,2
5,4,2,200,3
6,4,3,200,3
7,8,7,200,2
8,9,10,200,3
9,10,8,200,0
0,10,9,201,3
1,5,6,201,2
2,8,3,201,3
3,7,3,201,3
4,3,5,201,2
5,4,2,201,3
6,4,3,201,3
7,9,7,201,2
8,9,10,201,3
9,10,8,201,0
0,10,9,202,3
1,4,6,202,2
2,8,3,202,3
3,7,3,202,3
4,3,6,202,2
5,4,2,202,3
6,3,3,202,3
7,9,7,202,2
8,10,10,202,3
9,9,8,202,0
0,10,10,203,3
1,4,6,203,2
2,8,3,203,3
3,7,3,203,3
4,2,6,203,2
5,3,2,203,3
6,3,3,203,3
7,9,7,203,2
8,9,10,203,3
9,9,8,203,0
0,10,10,204,3
1,4,6,204,2
2,9,3,204,3
3,7,4,204,3
4,3,6,204,2
5,3,2,204,3
6,3,3,204,3
7,9,7,204,2
8,9,10,204,3
9,10,8,204,0
0,9,10,205,3
1,4,6,205,2
2,9,3,205,3
3,8,4,205,3
4,3,6,205,2
5,3,2,205,3
6,4,3,205,3
7,8,7,205,2
8,9,10,205,3
9,10,8,205,0
0,10,10,206,3
1,3,6,206,2
2,9,3,206,3
3,8,4,206,3
4,3,7,206,2
5,3,2,206,3
6,4,3,206,3
7,8,7,206,2
8,10,10,206,3
9,10,8,206,0
0,10,9,207,3
1,3,5,207,2
2,8,3,207,3
3,8,4,207,3
4,3,7,207,2
5,3,2,207,3
6,4,4,207,3
7,7,7,207,2
8,10,9,207,3
9,9,8,207,0
0,10,9,208,3
1,3,6,208,2
2,8,3,208,3
3,8,3,208,3
4,3,6,208,2
5,3,2,208,3
6,4,5,208,3
7,6,7,208,2
8,10,8,208,3
9,9,8,208,0
0,9,9,209,3
1,3,6,209,2
2,8,3,209,3
3,8,4,209,3
4,4,6,209,2
5,3,2,209,3
6,4,5,209,3
7,7,7,209,2
8,10,9,209,3
9,9,8,209,1
0,9,8,210,3
1,3,7,210,2
2,8,4,210,3
3,9,4,210,3
4,5,6,210,2
5,4,2,210,3
6,3,5,210,3
7,7,6,210,2
8,10,9,210,3
9,9,8,210,0
0,9,7,211,3
1,3,7,211,2
2,8,4,211,3
3,9,3,211,3
4,5,7,211,2
5,3,2,211,3
6,4,5,211,3
7,7,6,211,2
8,10,10,211,3
9,8,8,211,1
0,9,6,212,3
1,3,7,212,2
2,8,4,212,3
3,9,3,212,3
4,5,6,212,2
5,2,2,212,3
6,4,5,212,3
7,7,6,212,2
8,9,10,212,3
9,7,8,212,0
0,9,6,213,3
1,3,7,213,2
2,8,4,213,3
3,9,3,213,3
4,5,6,213,2
5,2,2,213,3
6,4,5,213,3
7,7,6,213,2
8,9,10,213,3
9,6,8,213,1
0,9,6,214,3
1,2,7,214,2
2,8,4,214,3
3,9,3,214,3
4,5,7,214,2
5,2,2,214,3
6,4,5,214,3
7,6,6,214,2
8,9,10,214,3
9,6,7,214,1
0,9,6,215,3
1,2,7,215,2
2,8,4,215,3
3,9,3,215,3
4,6,7,215,2
5,2,2,215,3
6,4,4,215,3
7,6,5,215,2
8,10,10,215,3
9,6,7,215,0
0,9,5,216,3
1,2,7,216,2
2,8,4,216,3
3,8,3,216,3
4,6,7,216,2
5,1,2,216,3
6,4,4,216,3
7,6,4,216,2
8,10,9,216,3
9,6,7,216,1
0,9,5,217,3
1,2,7,217,2
2,8,4,217,3
3,9,3,217,3
4,6,6,217,2
5,1,2,217,3
6,4,4,217,3
7,6,4,217,2
8,10,9,217,3
9,6,7,217,0
0,10,5,218,3
1,2,8,218,2
2,8,4,218,3
3,10,3,218,3
4,6,5,218,2
5,1,2,218,3
6,4,5,218,3
7,5,4,218,2
8,10,8,218,3
9,6,7,218,0
0,10,5,219,3
1,1,8,219,2
2,8,4,219,3
3,10,4,219,3
4,6,5,219,2
5,1,3,219,3
6,4,5,219,3
7,5,4,219,2
8,10,7,219,3
9,6,7,219,0
0,9,5,220,3
1,1,8,220,2
2,8,4,220,3
3,10,5,220,3
4,6,6,220,2
5,1,3,220,3
6,4,5,220,3
7,5,4,220,2
8,10,7,220,3
9,7,7,220,0
0,9,5,221,3
1,1,9,221,2
2,8,3,221,3
3,10,6,221,3
4,6,6,221,2
5,1,3,221,3
6,4,5,221,3
7,5,4,221,2
8,10,7,221,3
9,7,7,221,0
0,9,4,222,3
1,2,9,222,2
2,8,3,222,3
3,10,7,222,3
4,6,5,222,2
5,1,3,222,3
6,4,5,222,3
7,4,4,222,2
8,10,8,222,3
9,7,7,222,0
0,8,4,223,3
1,3,9,223,2
2,8,3,223,3
3,10,6,223,3
4,6,5,223,2
5,2,3,223,3
6,4,4,223,3
7,4,4,223,2
8,10,8,223,3
9,7,7,223,1
0,8,3,224,3
1,4,9,224,2
2,8,3,224,3
3,10,5,224,3
4,6,5,224,2
5,2,3,224,3
6,4,4,224,3
7,4,4,224,2
8,10,8,224,3
9,7,8,224,0
0,8,3,225,3
1,4,9,225,2
2,8,2,225,3
3,10,4,225,3
4,6,6,225,2
5,2,2,225,3
6,3,4,225,3
7,4,4,225,2
8,9,8,225,3
9,7,9,225,1
0,8,4,226,3
1,3,9,226,2
2,7,2,226,3
3,10,5,226,3
4,6,7,226,2
5,2,2,226,3
6,3,4,226,3
7,4,4,226,2
8,9,8,226,3
9,7,9,226,0
0,7,4,227,3
1,3,9,227,2
2,7,2,227,3
3,10,6,227,3
4,6,8,227,2
5,2,2,227,3
6,3,5,227,3
7,4,4,227,2
8,8,8,227,3
9,7,9,227,0
0,7,3,228,3
1,3,9,228,2
2,7,2,228,3
3,10,7,228,3
4,6,7,228,2
5,2,2,228,3
6,3,5,228,3
7,4,4,228,2
8,8,8,228,3
9,7,9,228,1
0,7,3,229,3
1,3,9,229,2
2,7,2,229,3
3,10,6,229,3
4,5,7,229,2
5,2,3,229,3
6,4,5,229,3
7,4,4,229,2
8,8,8,229,3
9,7,9,229,0
0,7,4,230,3
1,3,10,230,2
2,7,2,230,3
3,9,6,230,3
4,5,6,230,3
5,2,3,230,3
6,3,5,230,3
7,4,4,230,2
8,8,8,230,3
9,7,9,230,0
0,6,4,231,3
1,2,10,231,2
2,7,2,231,3
3,9,7,231,3
4,5,6,231,3
5,2,3,231,3
6,3,5,231,3
7,4,4,231,2
8,8,7,231,3
9,7,9,231,0
0,6,4,232,3
1,1,10,232,2
2,7,2,232,3
3,9,8,232,3
4,4,6,232,3
5,1,3,232,3
6,3,6,232,3
7,4,4,232,2
8,9,7,232,3
9,7,9,232,0
0,5,4,233,3
1,2,10,233,2
2,7,2,233,3
3,9,9,233,3
4,4,5,233,3
5,1,3,233,3
6,3,6,233,3
7,4,4,233,2
8,9,8,233,3
9,6,9,233,1
0,6,4,234,3
1,2,10,234,2
2,7,2,234,3
3,8,9,234,3
4,4,5,234,3
5,1,4,234,3
6,4,6,234,3
7,3,4,234,2
8,10,8,234,3
9,6,9,234,0
0,6,4,235,3
1,2,10,235,2
2,7,2,235,3
3,8,9,235,3
4,3,5,235,3
5,1,4,235,3
6,3,6,235,3
7,3,4,235,2
8,10,7,235,3
9,6,9,235,0
0,6,4,236,3
1,2,9,236,2
2,7,2,236,3
3,7,9,236,3
4,3,5,236,3
5,1,4,236,3
6,3,5,236,3
7,3,4,236,2
8,9,7,236,3
9,6,9,236,0
0,6,4,237,3
1,1,9,237,2
2,7,1,237,3
3,6,9,237,3
4,3,4,237,3
5,1,4,237,3
6,4,5,237,3
7,3,4,237,2
8,8,7,237,3
9,6,10,237,0
0,5,4,238,3
1,2,9,238,2
2,8,1,238,3
3,6,9,238,3
4,3,4,238,3
5,1,4,238,3
6,4,5,238,3
7,3,4,238,2
8,7,7,238,3
9,5,10,238,0
0,4,4,239,3
1,2,8,239,2
2,8,1,239,3
3,6,10,239,3
4,3,4,239,3
5,1,4,239,3
6,4,5,239,3
7,4,4,239,2
8,7,7,239,3
9,6,10,239,0
0,3,4,240,3
1,2,8,240,2
2,7,1,240,3
3,6,10,240,3
4,3,4,240,3
5,1,4,240,3
6,4,5,240,3
7,5,4,240,2
8,8,7,240,3
9,6,10,240,0
0,3,4,241,3
1,2,8,241,2
2,7,1,241,3
3,6,9,241,3
4,3,5,241,3
5,2,4,241,3
6,4,5,241,3
7,5,4,241,2
8,8,8,241,3
9,6,10,241,0
0,3,4,242,3
1,2,8,242,2
2,7,1,242,3
3,6,8,242,3
4,3,5,242,3
5,2,4,242,3
6,5,5,242,3
7,5,4,242,2
8,9,8,242,3
9,7,10,242,0
0,4,4,243,3
1,2,7,243,2
2,7,1,243,3
3,6,9,243,3
4,3,5,243,3
5,2,4,243,3
6,5,5,243,3
7,5,4,243,2
8,9,8,243,3
9,7,10,243,1
0,3,4,244,3
1,1,7,244,2
2,7,2,244,3
3,6,9,244,3
4,3,5,244,3
5,2,5,244,3
6,5,6,244,3
7,5,4,244,2
8,9,9,244,3
9,7,10,244,0
0,3,4,245,3
1,1,6,245,2
2,6,2,245,3
3,6,10,245,3
4,3,6,245,3
5,3,5,245,3
6,5,7,245,3
7,5,4,245,2
8,9,9,245,3
9,8,10,245,0
0,3,3,246,3
1,1,5,246,2
2,5,2,246,3
3,5,10,246,3
4,4,6,246,3
5,3,5,246,3
6,6,7,246,3
7,5,4,246,2
8,10,9,246,3
9,8,10,246,0
0,3,3,247,3
1,2,5,247,2
2,5,2,247,3
3,5,9,247,3
4,4,6,247,3
5,3,5,247,3
6,6,7,247,3
7,5,5,247,2
8,9,9,247,3
9,8,10,247,0
0,3,3,248,3
1,2,5,248,2
2,5,1,248,3
3,5,9,248,3
4,4,6,248,3
5,3,6,248,3
6,6,6,248,3
7,4,5,248,2
8,10,9,248,3
9,7,10,248,0
0,2,3,249,3
1,3,5,249,2
2,5,1,249,3
3,5,8,249,3
4,3,6,249,3
5,4,6,249,3
6,6,6,249,3
7,3,5,249,2
8,10,10,249,3
9,7,10,249,0
0,1,3,250,3
1,3,4,250,2
2,5,1,250,3
3,5,7,250,3
4,3,5,250,3
5,4,6,250,3
6,5,6,250,3
7,3,5,250,2
8,9,10,250,3
9,8,10,250,0
0,1,3,251,3
1,3,4,251,2
2,5,1,251,3
3,5,8,251,3
4,3,4,251,3
5,4,6,251,3
6,4,6,251,3
7,3,5,251,2
8,8,10,251,3
9,7,10,251,0
0,1,3,252,3
1,3,4,252,2
2,5,1,252,3
3,5,9,252,3
4,2,4,252,3
5,4,6,252,3
6,3,6,252,3
7,3,5,252,2
8,7,10,252,3
9,7,9,252,0
0,1,3,253,3
1,3,3,253,2
2,5,1,253,3
3,4,9,253,3
4,2,4,253,3
5,4,6,253,3
6,3,6,253,3
7,3,5,253,2
8,8,10,253,3
9,7,9,253,0
0,1,3,254,3
1,4,3,254,2
2,5,1,254,3
3,4,8,254,3
4,2,4,254,3
5,4,6,254,3
6,3,7,254,3
7,3,5,254,2
8,8,10,254,3
9,7,9,254,0
0,1,3,255,3
1,4,4,255,2
2,6,1,255,3
3,4,8,255,3
4,1,4,255,3
5,4,6,255,3
6,3,8,255,3
7,3,5,255,2
8,8,10,255,3
9,7,8,255,0
0,1,3,256,3
1,4,3,256,2
2,6,1,256,3
3,4,9,256,3
4,1,3,256,3
5,4,6,256,3
6,3,7,256,3
7,3,5,256,2
8,9,10,256,3
9,8,8,256,0
0,1,3,257,3
1,4,3,257,2
2,6,1,257,3
3,4,9,257,3
4,1,3,257,3
5,4,7,257,3
6,3,7,257,3
7,2,5,257,2
8,9,10,257,3
9,8,8,257,1
0,1,4,258,3
1,5,3,258,2
2,6,1,258,3
3,3,9,258,3
4,1,3,258,3
5,4,7,258,3
6,3,7,258,3
7,2,5,258,2
8,9,10,258,3
9,8,7,258,0
0,1,4,259,3
1,5,4,259,2
2,6,1,259,3
3,3,8,259,3
4,1,3,259,3
5,4,7,259,3
6,3,7,259,3
7,2,5,259,2
8,10,10,259,3
9,8,6,259,0
0,1,4,260,3
1,4,4,260,2
2,6,1,260,3
3,3,7,260,3
4,1,3,260,3
5,4,7,260,3
6,3,7,260,3
7,2,5,260,2
8,10,10,260,3
9,8,6,260,1
0,1,5,261,3
1,5,4,261,2
2,6,1,261,3
3,2,7,261,3
4,1,4,261,3
5,3,7,261,3
6,3,7,261,3
7,2,5,261,2
8,10,9,261,3
9,8,5,261,0
0,1,4,262,3
1,5,4,262,2
2,6,1,262,3
3,2,8,262,3
4,1,4,262,3
5,3,7,262,3
6,3,8,262,3
7,2,5,262,2
8,10,8,262,3
9,8,5,262,0
0,2,4,263,3
1,5,3,263,2
2,6,1,263,3
3,2,7,263,3
4,1,4,263,3
5,3,7,263,3
6,3,8,263,3
7,1,5,263,2
8,10,9,263,3
9,8,5,263,0
0,2,5,264,3
1,5,3,264,2
2,7,1,264,3
3,2,7,264,3
4,1,4,264,3
5,4,7,264,3
6,3,8,264,3
7,1,5,264,2
8,10,8,264,3
9,8,5,264,0
0,2,6,265,3
1,5,3,265,2
2,7,1,265,3
3,2,6,265,3
4,1,5,265,3
5,4,7,265,3
6,2,8,265,3
7,1,6,265,2
8,10,8,265,3
9,8,5,265,0
0,2,6,266,3
1,5,2,266,2
2,7,1,266,3
3,2,6,266,3
4,2,5,266,3
5,4,6,266,3
6,2,8,266,3
7,1,6,266,2
8,10,8,266,3
9,8,5,266,0
0,2,5,267,3
1,5,2,267,2
2,7,1,267,3
3,1,6,267,3
4,3,5,267,3
5,4,6,267,3
6,2,8,267,3
7,1,6,267,2
8,10,9,267,3
9,9,5,267,0
0,2,6,268,3
1,4,2,268,2
2,7,1,268,3
3,1,6,268,3
4,3,5,268,3
5,4,6,268,3
6,2,8,268,3
7,1,6,268,2
8,10,9,268,3
9,9,5,268,0
0,3,6,269,3
1,4,2,269,2
2,6,1,269,3
3,1,7,269,3
4,3,5,269,3
5,4,6,269,3
6,2,8,269,3
7,1,6,269,2
8,10,8,269,3
9,10,5,269,0
0,3,6,270,3
1,4,2,270,2
2,6,1,270,3
3,1,8,270,3
4,3,5,270,3
5,4,6,270,3
6,2,8,270,3
7,1,6,270,2
8,10,8,270,3
9,10,5,270,0
0,3,6,271,3
1,5,2,271,2
2,5,1,271,3
3,1,9,271,3
4,3,6,271,3
5,5,6,271,3
6,2,9,271,3
7,1,6,271,2
8,9,8,271,3
9,9,5,271,0
0,2,6,272,3
1,5,3,272,2
2,5,1,272,3
3,2,9,272,3
4,3,5,272,3
5,5,6,272,3
6,2,9,272,3
7,1,6,272,2
8,8,8,272,3
9,8,5,272,0
0,2,6,273,3
1,6,3,273,2
2,5,1,273,3
3,2,10,273,3
4,4,5,273,3
5,4,6,273,3
6,2,9,273,3
7,1,5,273,2
8,8,8,273,3
9,8,5,273,0
0,2,7,274,3
1,6,3,274,2
2,5,1,274,3
3,2,10,274,3
4,3,5,274,3
5,4,6,274,3
6,3,9,274,3
7,1,6,274,2
8,7,8,274,3
9,8,5,274,0
0,2,6,275,3
1,6,3,275,2
2,5,1,275,3
3,1,10,275,3
4,4,5,275,3
5,4,6,275,3
6,3,8,275,3
7,1,6,275,2
8,7,7,275,3
9,8,5,275,0
0,2,6,276,3
1,6,3,276,2
2,5,1,276,3
3,1,9,276,3
4,3,5,276,3
5,4,6,276,3
6,3,7,276,3
7,1,6,276,2
8,8,7,276,3
9,8,5,276,0
0,2,7,277,3
1,6,4,277,2
2,5,1,277,3
3,2,9,277,3
4,4,5,277,3
5,5,6,277,3
6,3,6,277,3
7,1,6,277,2
8,8,6,277,3
9,9,5,277,0
0,3,7,278,3
1,5,4,278,2
2,5,1,278,3
3,2,8,278,3
4,4,5,278,3
5,5,5,278,3
6,4,6,278,3
7,1,7,278,2
8,8,6,278,3
9,8,5,278,0
0,3,7,279,3
1,5,4,279,2
2,5,1,279,3
3,2,8,279,3
4,4,5,279,3
5,5,5,279,3
6,3,6,279,3
7,1,7,279,2
8,9,6,279,3
9,8,5,279,0
0,4,7,280,3
1,6,4,280,2
2,5,1,280,3
3,3,8,280,3
4,3,5,280,3
5,5,5,280,3
6,3,5,280,3
7,1,7,280,2
8,10,6,280,3
9,8,5,280,0
0,4,7,281,3
1,6,4,281,2
2,5,1,281,3
3,3,7,281,3
4,3,4,281,3
5,4,5,281,3
6,3,5,281,3
7,1,7,281,2
8,9,6,281,3
9,8,6,281,0
0,5,7,282,3
1,6,3,282,2
2,6,1,282,3
3,3,8,282,3
4,3,4,282,3
5,4,5,282,3
6,3,5,282,3
7,1,6,282,2
8,9,6,282,3
9,8,7,282,0
0,5,6,283,3
1,7,3,283,2
2,6,1,283,3
3,2,8,283,3
4,2,4,283,3
5,3,5,283,3
6,3,6,283,3
7,2,6,283,2
8,9,5,283,3
9,9,7,283,0
0,5,6,284,3
1,7,4,284,2
2,7,1,284,3
3,2,8,284,3
4,2,4,284,3
5,3,6,284,3
6,3,5,284,3
7,2,7,284,2
8,9,4,284,3
9,9,7,284,0
0,4,6,285,3
1,6,4,285,2
2,7,1,285,3
3,2,9,285,3
4,3,4,285,3
5,3,6,285,3
6,3,5,285,3
7,1,7,285,2
8,9,4,285,3
9,9,6,285,0
0,4,6,286,3
1,5,4,286,2
2,7,1,286,3
3,3,9,286,3
4,3,4,286,3
5,3,6,286,3
6,3,5,286,3
7,1,7,286,2
8,8,4,286,3
9,9,7,286,0
0,3,6,287,3
1,5,3,287,2
2,6,1,287,3
3,3,8,287,3
4,3,4,287,3
5,3,6,287,3
6,3,5,287,3
7,1,7,287,2
8,8,5,287,3
9,9,8,287,0
0,3,7,288,3
1,5,3,288,2
2,6,1,288,3
3,3,8,288,3
4,3,3,288,3
5,2,6,288,3
6,3,4,288,3
7,1,7,288,2
8,8,4,288,3
9,9,8,288,0
0,4,7,289,3
1,5,4,289,2
2,7,1,289,3
3,2,8,289,3
4,3,2,289,3
5,2,6,289,3
6,2,4,289,3
7,1,7,289,3
8,9,4,289,3
9,9,8,289,0
0,4,7,290,3
1,5,4,290,2
2,7,1,290,3
3,3,8,290,3
4,3,2,290,3
5,2,6,290,3
6,2,4,290,3
7,1,6,290,3
8,8,4,290,3
9,9,8,290,0
0,3,7,291,3
1,5,4,291,2
2,7,1,291,3
3,3,9,291,3
4,3,2,291,3
5,2,5,291,3
6,2,4,291,3
7,1,5,291,3
8,8,5,291,3
9,9,8,291,0
0,3,7,292,3
1,4,4,292,2
2,8,1,292,3
3,2,9,292,3
4,2,2,292,3
5,2,5,292,3
6,3,4,292,3
7,2,5,292,3
8,8,5,292,3
9,9,8,292,0
0,4,7,293,3
1,5,4,293,2
2,8,2,293,3
3,2,10,293,3
4,2,3,293,3
5,2,5,293,3
6,2,4,293,3
7,2,6,293,3
8,8,4,293,3
9,9,8,293,0
0,4,6,294,3
1,5,4,294,2
2,8,2,294,3
3,3,10,294,3
4,1,3,294,3
5,1,5,294,3
6,2,4,294,3
7,2,6,294,3
8,8,4,294,3
9,9,9,294,0
0,5,6,295,3
1,5,4,295,2
2,8,2,295,3
3,4,10,295,3
4,1,3,295,3
5,1,5,295,3
6,2,4,295,3
7,2,6,295,3
8,8,5,295,3
9,9,9,295,0
0,6,6,296,3
1,6,4,296,2
2,8,2,296,3
3,5,10,296,3
4,1,3,296,3
5,1,5,296,3
6,2,4,296,3
7,2,7,296,3
8,7,5,296,3
9,9,9,296,0
0,6,7,297,3
1,6,3,297,2
2,7,2,297,3
3,6,10,297,3
4,2,3,297,3
5,1,5,297,3
6,2,3,297,3
7,2,6,297,3
8,7,6,297,3
9,10,9,297,0
0,6,7,298,3
1,6,3,298,2
2,7,2,298,3
3,6,10,298,3
4,2,3,298,3
5,1,4,298,3
6,2,3,298,3
7,2,6,298,3
8,7,5,298,3
9,10,9,298,0
0,6,8,299,3
1,5,3,299,2
2,7,2,299,3
3,7,10,299,3
4,2,4,299,3
5,1,4,299,3
6,2,3,299,3
7,2,5,299,3
8,7,6,299,3
9,10,9,299,0
0,7,8,300,3
1,5,3,300,2
2,8,2,300,3
3,7,10,300,3
4,2,4,300,3
5,2,4,300,3
6,2,3,300,3
7,2,5,300,3
8,7,5,300,3
9,10,9,300,0
0,7,8,301,3
1,5,4,301,2
2,9,2,301,3
3,7,10,301,3
4,2,5,301,3
5,2,4,301,3
6,2,2,301,3
7,2,5,301,3
8,6,5,301,3
9,10,9,301,0
0,7,8,302,3
1,5,4,302,3
2,9,3,302,3
3,7,10,302,3
4,1,5,302,3
5,2,4,302,3
6,2,2,302,3
7,2,5,302,3
8,5,5,302,3
9,10,8,302,0
